Workbook
Name Slicer_attendance_rate: #N/A
Name Slicer_final_score: #N/A
Name Slicer_gender: #N/A
Name Slicer_Grade: #N/A

Sheet gender analysis
A3: Row Labels | B3: Average of final_score
A4: Female | B4: 81
A5: Grand Total | B5: 81

Sheet grade distribution
A3: Row Labels | B3: Count of student_id
A4: B | B4: 1
A5: Grand Total | B5: 1

Sheet Dashboard
A1: STUDENT PERFORMANCE DASHBOARD
A4: TOTAL STUDENTS | C4: AVAERAGE SCORE | E4: HIGHEST SCORE | G4: PASS STUDENTS | I4: FAIL STUDENTS
A5: =COUNTA('Raw data'!A:A)-1 -> 500 | C5: =AVERAGE('Raw data'!F:F) -> 55.98 | E5: =MAX('Raw data'!F:F) -> 95 | G5: =COUNTIF('Raw data'!G:G,"PASS") -> 462 | I5: =COUNTIF('Raw data'!G:G,"FAIL") -> 38

Sheet attendance vs final score
A3: Row Labels | B3: Sum of final_score
A4: 60 | B4: 80
A5: 70.8 | B5: 80
A6: 79.7 | B6: 80
A7: Grand Total | B7: 240

Sheet Raw data
A1: student_id | B1: gender | C1: age | D1: attendance_rate | E1: previous_score | F1: final_score | G1: result | H1: Grade | I1: Performance | J1: highest score | K1: average score | L1: lowest score | M1: total pass | N1: total fail
A2: STU0001 | B2: Male | C2: 15 | D2: 63.8 | E2: 41 | F2: 67 | G2: =IF(F2>33,"PASS","FAIL") -> PASS | H2: =IF(F2>90,"A",IF(F2>=80,"B",IF(F2>=60,"C",IF(F2>=50,"D","E")))) -> C | I2: =IF(F2>=80,"Excellent",IF(F2>=60,"Good",IF(F2>=40,"Average","Poor"))) -> Good | J2: =MAX(F:F) -> 95 | K2: =AVERAGE(F:F) -> 55.98 | L2: =MIN(F:F) -> 20 | M2: =COUNTIF(G:G,"pass") -> 462 | N2: =COUNTIF(G:G,"fail") -> 38
A3: STU0002 | B3: Female | C3: 15 | D3: 54.7 | E3: 83 | F3: 28 | G3: =IF(F3>33,"PASS","FAIL") -> FAIL | H3: =IF(F3>90,"A",IF(F3>=80,"B",IF(F3>=60,"C",IF(F3>=50,"D","E")))) -> E | I3: =IF(F3>=80,"Excellent",IF(F3>=60,"Good",IF(F3>=40,"Average","Poor"))) -> Poor | J3: =MAX(F:F) -> 95 | K3: =AVERAGE(F:F) -> 55.98 | L3: =MIN(F:F) -> 20 | M3: =COUNTIF(G:G,"pass") -> 462 | N3: =COUNTIF(G:G,"fail") -> 38
A4: STU0003 | B4: Female | C4: 19 | D4: 90.5 | E4: 73 | F4: 49 | G4: =IF(F4>33,"PASS","FAIL") -> PASS | H4: =IF(F4>90,"A",IF(F4>=80,"B",IF(F4>=60,"C",IF(F4>=50,"D","E")))) -> E | I4: =IF(F4>=80,"Excellent",IF(F4>=60,"Good",IF(F4>=40,"Average","Poor"))) -> Average | J4: =MAX(F:F) -> 95 | K4: =AVERAGE(F:F) -> 55.98 | L4: =MIN(F:F) -> 20 | M4: =COUNTIF(G:G,"pass") -> 462 | N4: =COUNTIF(G:G,"fail") -> 38
A5: STU0004 | B5: Male | C5: 16 | D5: 66.8 | E5: 75 | F5: 70 | G5: =IF(F5>33,"PASS","FAIL") -> PASS | H5: =IF(F5>90,"A",IF(F5>=80,"B",IF(F5>=60,"C",IF(F5>=50,"D","E")))) -> C | I5: =IF(F5>=80,"Excellent",IF(F5>=60,"Good",IF(F5>=40,"Average","Poor"))) -> Good | J5: =MAX(F:F) -> 95 | K5: =AVERAGE(F:F) -> 55.98 | L5: =MIN(F:F) -> 20 | M5: =COUNTIF(G:G,"pass") -> 462 | N5: =COUNTIF(G:G,"fail") -> 38
A6: STU0005 | B6: Female | C6: 15 | D6: 73 | E6: 67 | F6: 77 | G6: =IF(F6>33,"PASS","FAIL") -> PASS | H6: =IF(F6>90,"A",IF(F6>=80,"B",IF(F6>=60,"C",IF(F6>=50,"D","E")))) -> C | I6: =IF(F6>=80,"Excellent",IF(F6>=60,"Good",IF(F6>=40,"Average","Poor"))) -> Good | J6: =MAX(F:F) -> 95 | K6: =AVERAGE(F:F) -> 55.98 | L6: =MIN(F:F) -> 20 | M6: =COUNTIF(G:G,"pass") -> 462 | N6: =COUNTIF(G:G,"fail") -> 38
A7: STU0006 | B7: Female | C7: 19 | D7: 85.2 | E7: 40 | F7: 37 | G7: =IF(F7>33,"PASS","FAIL") -> PASS | H7: =IF(F7>90,"A",IF(F7>=80,"B",IF(F7>=60,"C",IF(F7>=50,"D","E")))) -> E | I7: =IF(F7>=80,"Excellent",IF(F7>=60,"Good",IF(F7>=40,"Average","Poor"))) -> Poor | J7: =MAX(F:F) -> 95 | K7: =AVERAGE(F:F) -> 55.98 | L7: =MIN(F:F) -> 20 | M7: =COUNTIF(G:G,"pass") -> 462 | N7: =COUNTIF(G:G,"fail") -> 38
A8: STU0007 | B8: Male | C8: 18 | D8: 72.7 | E8: 75 | F8: 42 | G8: =IF(F8>33,"PASS","FAIL") -> PASS | H8: =IF(F8>90,"A",IF(F8>=80,"B",IF(F8>=60,"C",IF(F8>=50,"D","E")))) -> E | I8: =IF(F8>=80,"Excellent",IF(F8>=60,"Good",IF(F8>=40,"Average","Poor"))) -> Average | J8: =MAX(F:F) -> 95 | K8: =AVERAGE(F:F) -> 55.98 | L8: =MIN(F:F) -> 20 | M8: =COUNTIF(G:G,"pass") -> 462 | N8: =COUNTIF(G:G,"fail") -> 38
A9: STU0008 | B9: Female | C9: 15 | D9: 81.7 | E9: 89 | F9: 70 | G9: =IF(F9>33,"PASS","FAIL") -> PASS | H9: =IF(F9>90,"A",IF(F9>=80,"B",IF(F9>=60,"C",IF(F9>=50,"D","E")))) -> C | I9: =IF(F9>=80,"Excellent",IF(F9>=60,"Good",IF(F9>=40,"Average","Poor"))) -> Good | J9: =MAX(F:F) -> 95 | K9: =AVERAGE(F:F) -> 55.98 | L9: =MIN(F:F) -> 20 | M9: =COUNTIF(G:G,"pass") -> 462 | N9: =COUNTIF(G:G,"fail") -> 38
A10: STU0009 | B10: Female | C10: 19 | D10: 84.2 | E10: 70 | F10: 49 | G10: =IF(F10>33,"PASS","FAIL") -> PASS | H10: =IF(F10>90,"A",IF(F10>=80,"B",IF(F10>=60,"C",IF(F10>=50,"D","E")))) -> E | I10: =IF(F10>=80,"Excellent",IF(F10>=60,"Good",IF(F10>=40,"Average","Poor"))) -> Average | J10: =MAX(F:F) -> 95 | K10: =AVERAGE(F:F) -> 55.98 | L10: =MIN(F:F) -> 20 | M10: =COUNTIF(G:G,"pass") -> 462 | N10: =COUNTIF(G:G,"fail") -> 38
A11: STU0010 | B11: Female | C11: 15 | D11: 95.7 | E11: 93 | F11: 56 | G11: =IF(F11>33,"PASS","FAIL") -> PASS | H11: =IF(F11>90,"A",IF(F11>=80,"B",IF(F11>=60,"C",IF(F11>=50,"D","E")))) -> D | I11: =IF(F11>=80,"Excellent",IF(F11>=60,"Good",IF(F11>=40,"Average","Poor"))) -> Average | J11: =MAX(F:F) -> 95 | K11: =AVERAGE(F:F) -> 55.98 | L11: =MIN(F:F) -> 20 | M11: =COUNTIF(G:G,"pass") -> 462 | N11: =COUNTIF(G:G,"fail") -> 38
A12: STU0011 | B12: Female | C12: 16 | D12: 57 | E12: 81 | F12: 44 | G12: =IF(F12>33,"PASS","FAIL") -> PASS | H12: =IF(F12>90,"A",IF(F12>=80,"B",IF(F12>=60,"C",IF(F12>=50,"D","E")))) -> E | I12: =IF(F12>=80,"Excellent",IF(F12>=60,"Good",IF(F12>=40,"Average","Poor"))) -> Average | J12: =MAX(F:F) -> 95 | K12: =AVERAGE(F:F) -> 55.98 | L12: =MIN(F:F) -> 20 | M12: =COUNTIF(G:G,"pass") -> 462 | N12: =COUNTIF(G:G,"fail") -> 38
A13: STU0012 | B13: Male | C13: 16 | D13: 74.7 | E13: 50 | F13: 69 | G13: =IF(F13>33,"PASS","FAIL") -> PASS | H13: =IF(F13>90,"A",IF(F13>=80,"B",IF(F13>=60,"C",IF(F13>=50,"D","E")))) -> C | I13: =IF(F13>=80,"Excellent",IF(F13>=60,"Good",IF(F13>=40,"Average","Poor"))) -> Good | J13: =MAX(F:F) -> 95 | K13: =AVERAGE(F:F) -> 55.98 | L13: =MIN(F:F) -> 20 | M13: =COUNTIF(G:G,"pass") -> 462 | N13: =COUNTIF(G:G,"fail") -> 38
... A501: STU0500 | B501: Male | C501: 15 | D501: 75.4 | E501: 34 | F501: 74 | G501: =IF(F501>33,"PASS","FAIL") -> PASS | H501: =IF(F501>90,"A",IF(F501>=80,"B",IF(F501>=60,"C",IF(F501>=50,"D","E")))) -> C | I501: =IF(F501>=80,"Excellent",IF(F501>=60,"Good",IF(F501>=40,"Average","Poor"))) -> Good | J501: =MAX(F:F) -> 95 | K501: =AVERAGE(F:F) -> 55.98 | L501: =MIN(F:F) -> 20 | M501: =COUNTIF(G:G,"pass") -> 462 | N501: =COUNTIF(G:G,"fail") -> 38
